product_id,source,brand,product_name,leaf_category,price,original_price,discount_percent,is_on_sale,rating,review_count,description,material_text,dimensions,image_url,color_count,timestamp,product_url
CM933,jcrew,J.Crew,Berkeley shoulder bag in suede,bags,274.19,178,,True,4.827814569536423,151,"Our customer-favorite bag comes in a slightly larger size, with just enough room for everything you need. It's finished with a refreshed, streamlined design, an adjustable shoulder strap, an interior card pocket and a magnetic closure—so it's as practical as it is polished. Please note: The color in this suede fabric may transfer and should be handled with care.100% leather.Leather trim.Cotton lining.Adjustable strap.Hidden magnetic closure.Imported.Select stores.Item CM933.Leather Working Group™This purchase supportsLWG-certified tanneriesLearn more about our Re-imagined fibersShop all Re-imagined styles",100% leather. Leather trim. Cotton lining. Adjustable strap. Hidden magnetic closure. Imported. Select stores. Item CM933.,"10""H x 15""W x 3 1/4""D; 9""-11"" strap drop.","https://www.jcrew.com/s7-img-facade/CM933_EE7690?hei=1950&crop=0,0,1560,0",1,2026-02-23T12:56:40Z,https://www.jcrew.com/p/womens/categories/accessories/bags/berkeley/CM933?display=all&fit=Classic&colorProductCode=CM933&colorCode=EE7690
CM930,jcrew,J.Crew,Berkeley bucket bag in suede,bags,198,,,False,4.0,73,"We took our signature Berkeley bucket bag and softened things up with a new all-suede exterior and a more casual, slouchy shape you'll want to tote around every day. Please note: The color in this fabric may transfer and should be handled with care.100% leather.Tie closure.Imported.Select stores.Item CM930.Leather Working Group™This purchase supportsLWG-certified tanneriesLearn more about our Re-imagined fibersShop all Re-imagined styles",100% leather. Tie closure. Imported. Select stores. Item CM930.,"12 1/2""H x 9""W x 5 7/8""D (bottom); 12 1/2""H x 13 1/4""W x 5 7/8""D (top). 9"" strap drop. Fits 14"" laptop.","https://www.jcrew.com/s7-img-facade/CM930_BL7171_m?hei=1950&crop=0,0,1560,0",2,2026-02-23T12:56:54Z,https://www.jcrew.com/m/womens/categories/accessories/bags/berkeley/ME606?display=all&fit=Classic&colorProductCode=CM930&colorCode=BL7171
CM951,jcrew,J.Crew,Delphine shoulder bag in leather,bags,178,,,False,4.703883495145631,206,"Our design team considered every detail to give this chic carryall a custom feel, from the double-zipper closure to the feet along the bottom that protect against wear and tear. But our favorite innovation has to be the contrast suede lining, which we bonded to the outside for a slouchy-yet-structured finish. Everyday, elevated—indeed.100% leather.Custom hardware.Lined in suede.Imported.Select stores.Item CM951.Leather Working Group™This purchase supportsLWG-certified tanneriesLearn more about our Re-imagined fibersShop all Re-imagined styles",100% leather. Custom hardware. Lined in suede. Imported. Select stores. Item CM951.,"5""H x 10""W x 4 1/4""D; 9 1/2"" strap drop.","https://www.jcrew.com/s7-img-facade/CM951_BK0001?hei=1950&crop=0,0,1560,0",2,2026-02-23T12:57:12Z,https://www.jcrew.com/m/womens/categories/accessories/bags/delphine/ME974?display=all&fit=Classic&colorProductCode=CM951&colorCode=BK0001
CM935,jcrew,J.Crew,Berkeley small shoulder bag in suede,bags,148,,,False,4.81858407079646,226,"Part of our best-selling Berkeley family, this soft suede style can be worn as a shoulder bag or crossbody, thanks to the adjustable strap. It's finished with signature gold-tone hardware and is just roomy enough for your essentials—plus your current book-club read.100% leather.Leather trim.Cotton lining.Removable adjustable crossbody strap.Hidden magnetic closure.Imported.Select stores.Item CM935.Leather Working Group™This purchase supportsLWG-certified tanneriesLearn more about our Re-imagined fibersShop all Re-imagined styles",100% leather. Leather trim. Cotton lining. Removable adjustable crossbody strap. Hidden magnetic closure. Imported. Select stores. Item CM935.,"5 3/4""H x 9 7/8""W x 4"" D; 5 1/2""-7 1/2"" strap drop.","https://www.jcrew.com/s7-img-facade/CM935_RD0136?hei=1950&crop=0,0,1560,0",2,2026-02-23T12:57:26Z,https://www.jcrew.com/m/womens/categories/accessories/bags/berkeley/ME975?display=all&fit=Classic&colorProductCode=CM935&colorCode=RD0136
CM934,jcrew,J.Crew,Berkeley chainlink shoulder bag in suede,bags,366.6,238,,True,4.6521739130434785,92,"Part of our best-selling Berkeley family, this suede shoulder bag comes in a slightly larger size, with just enough room for everything you need. It's finished with a sleek chainlink strap, a refreshed streamlined design, an interior card pocket and a magnetic closure—so it's as practical as it is polished. Please note: The color in this fabric may transfer and should be handled with care.100% leather.Leather trim.Cotton lining.Hidden magnetic closure.Imported.Select stores.Item CM934.Leather Working Group™This purchase supportsLWG-certified tanneriesLearn more about our Re-imagined fibersShop all Re-imagined styles",100% leather. Leather trim. Cotton lining. Hidden magnetic closure. Imported. Select stores. Item CM934.,"10""H x 15""W x 3 1/4""D. 11"" strap drop.","https://www.jcrew.com/s7-img-facade/CM934_BR8760_m?hei=1950&crop=0,0,1560,0",1,2026-02-23T12:57:37Z,https://www.jcrew.com/p/womens/categories/accessories/bags/berkeley/CM934?display=all&fit=Classic&colorProductCode=CM934&colorCode=BR8760
CP050,jcrew,J.Crew,Drawstring pouch bag in leather,bags,148,,,False,4.568627450980392,51,"Bring this sleek, statement-making drawstring bag to your next party for all the compliments. Because we love options, it comes with a removable top handle, so you can wear it on your arm or hold it as a clutch.Leather.Imported.Select stores.Item CP050.",Leather. Imported. Select stores. Item CP050.,"6 1/4""H x 7 3/4""W x 2 5/8""D; 7"" handle drop.","https://www.jcrew.com/s7-img-facade/CP050_BK0001?hei=1950&crop=0,0,1560,0",2,2026-02-23T12:57:58Z,https://www.jcrew.com/m/womens/categories/accessories/bags/clutches-and-pouches/ME782?display=all&fit=Classic&colorProductCode=CP050&colorCode=BK0001
CR297,jcrew,J.Crew,Berkeley structured shoulder bag in suede and croc-embossed leather,bags,289.58,188,,True,4.857142857142857,7,"Part of our best-selling Berkeley family, this structured shoulder bag comes in a slightly smaller size with just enough room for your essentials—plus your current book-club read. It's finished with a zipper closure, inner pockets and croc-embossed leather handles, aka the easiest way to add extra polish. Please note: The color in this fabric may transfer and should be handled with care.Suede body.Leather handles.Imported.Select stores.Item CR297.Leather Working Group™This purchase supportsLWG-certified tanneriesLearn more about our Re-imagined fibersShop all Re-imagined styles",Suede body. Leather handles. Imported. Select stores. Item CR297.,"6""H x 12 3/4""W. 8 1/2"" strap drop.","https://www.jcrew.com/s7-img-facade/CR297_BR8801_m?hei=1950&crop=0,0,1560,0",1,2026-02-23T12:58:31Z,https://www.jcrew.com/p/womens/categories/accessories/bags/berkeley/CR297?display=all&fit=Classic&colorProductCode=CR297&colorCode=BR8801
BZ445,jcrew,J.Crew,Large handknotted packable tote bag,bags,274.19,178,,False,4.556451612903226,124,"Our latest style makes lugging everything around so cute and easy (including itself, since you can fold it neatly to store in your trunk or luggage). Inside, you'll also find an interior pocket so that essentials like your keys, sunglasses and SPF won't get lost.Paper.Leather lining.Imported.Select stores.Item BZ445.",Paper. Leather lining. Imported. Select stores. Item BZ445.,"12 1/2""H x 12 1/2""W x 12 1/2""D; 9"" handle drop.","https://www.jcrew.com/s7-img-facade/BZ445_NA6445?hei=1950&crop=0,0,1560,0",1,2026-02-23T12:59:03Z,https://www.jcrew.com/p/womens/categories/accessories/bags/straw/BZ445?display=all&fit=Classic&colorProductCode=BZ445&colorCode=NA6445
BM842,jcrew,J.Crew,Printed reusable everyday tote,bags,30.04,,,False,4.8493150684931505,73,this eye-catching tote is along for every spring adventure.Cotton.Import.Item BM842.,Cotton. Import. Item BM842.,"15 1/2""H x 17""W x 2 5/8""D; 10"" handle drop.","https://www.jcrew.com/s7-img-facade/BM842_PT8750?hei=1950&crop=0,0,1560,0",1,2026-02-23T12:59:35Z,https://www.jcrew.com/p/womens/categories/accessories/bags/shoulder-bags/BM842?display=all&fit=Classic&colorProductCode=BM842&colorCode=PT8750
CR874,jcrew,J.Crew,Berkeley large tote in leather,bags,505.22,328,,False,5.0,1,"We took our signature tote and sized it up—making room for everything you need (and then some). With a slightly more structured silhouette, sleek flap closure and an extra-spacious interior, it's the all-day, everyday bag you've been waiting for. Plus, you'll love the expertly treated leather with a soft, lived-in patina (aka natural marks that add heritage-inspired character).100% leather.Cotton lining.Imported.Select stores.Item CR874.Leather Working Group™This purchase supportsLWG-certified tanneriesLearn more about our Re-imagined fibersShop all Re-imagined styles",100% leather. Cotton lining. Imported. Select stores. Item CR874.,"10 1/2""H x 15 7/8""W x 7 1/4""D. 8 1/2"" strap drop.","https://www.jcrew.com/s7-img-facade/CR874_EE9608?hei=1950&crop=0,0,1560,0",1,2026-02-23T13:00:07Z,https://www.jcrew.com/p/womens/categories/accessories/bags/berkeley/CR874?display=all&fit=Classic&colorProductCode=CR874&colorCode=EE9608
CR873,jcrew,J.Crew,Evie shoulder bag in leather,bags,228,,,False,5.0,2,"Meet Evie, a slightly larger, more relaxed take on our classic shoulder bags. This one has a soft slouch and two interior compartments for easy organization, plus a lock clasp and clochette detail to hang charms and keys. Plus, you'll love the expertly treated leather with a soft, lived-in patina (aka natural marks that add heritage-inspired character.)100% leather.Imported.Select stores.Item CR873.Leather Working Group™This purchase supportsLWG-certified tanneriesLearn more about our Re-imagined fibersShop all Re-imagined styles",100% leather. Imported. Select stores. Item CR873.,"7 1/2""H x 12 3/8""W x 4""D. 8 1/2"" strap drop.","https://www.jcrew.com/s7-img-facade/CR873_EE9608_m?hei=1950&crop=0,0,1560,0",2,2026-02-23T13:00:39Z,https://www.jcrew.com/m/womens/categories/accessories/bags/shoulder-bags/ME893?display=all&fit=Classic&colorProductCode=CR873&colorCode=EE9608
CR875,jcrew,J.Crew,Berkeley belted bucket bag in suede,bags,351.2,228,,True,,,"We took the slouchy suede bucket bag you love and added a removable belt with a custom buckle (which matches back to our belt collection for peak coordination). To keep things secure, it also comes with an easy self-tie closure on the inside. Please note: Color may transfer onto this style when worn with denim. Please handle with care.100% leather.Imported.Select stores.Item CR875.Leather Working Group™This purchase supportsLWG-certified tanneriesLearn more about our Re-imagined fibersShop all Re-imagined styles",100% leather. Imported. Select stores. Item CR875.,"12 1/2""H x 13 1/4""W x 5 7/8""D. 9"" strap drop.","https://www.jcrew.com/s7-img-facade/CR875_NA6524?hei=1950&crop=0,0,1560,0",1,2026-02-23T13:01:11Z,https://www.jcrew.com/p/womens/categories/accessories/bags/berkeley/CR875?display=all&fit=Classic&colorProductCode=CR875&colorCode=NA6524
CR872,jcrew,J.Crew,Evie shoulder bag in suede,bags,228,,,False,5.0,2,"Meet Evie, a slightly larger, more relaxed take on our classic shoulder bags. This one has a soft slouch and two interior compartments for easy organization, plus a lock clasp and clochette detail to hang charms and keys. Please note: Color may transfer onto this style when worn with denim. Please handle with care.100% leather.Imported.Online only.Item CR872.Leather Working Group™This purchase supportsLWG-certified tanneriesLearn more about our Re-imagined fibersShop all Re-imagined styles",100% leather. Imported. Online only. Item CR872.,"7 1/2""H x 12 3/8""W x 4""D. 8 1/2"" strap drop.","https://www.jcrew.com/s7-img-facade/CR872_EE9641?hei=1950&crop=0,0,1560,0",2,2026-02-23T13:01:43Z,https://www.jcrew.com/m/womens/categories/accessories/bags/shoulder-bags/ME893?display=all&fit=Classic&colorProductCode=CR872&colorCode=EE9641
CM931,jcrew,J.Crew,Berkeley big bucket bag in leather,bags,351.2,228,,True,4.512820512820513,39,"Part of our Berkeley family, we took our signature bucket bag and sized it up—making room for more of what you need, from workday essentials to weekend extras. Crafted in leather that holds its shape—and its own—it's the polished carryall you've been asking for.100% leather.Tie closure.Imported.Select stores.Item CM931.Leather Working Group™This purchase supportsLWG-certified tanneriesLearn more about our Re-imagined fibersShop all Re-imagined styles",100% leather. Tie closure. Imported. Select stores. Item CM931.,"13 1/2""H x 10 5/8""W x 6 1/2""D (bottom). 13 1/2""H x 15""W x 6 1/2""D (top). 10"" strap drop. Fits 16"" laptop.","https://www.jcrew.com/s7-img-facade/CM931_BR8760?hei=1950&crop=0,0,1560,0",1,2026-02-23T13:02:15Z,https://www.jcrew.com/p/womens/categories/accessories/bags/berkeley/CM931?display=all&fit=Classic&colorProductCode=CM931&colorCode=BR8760
CP048,jcrew,J.Crew,Delphine shoulder bag in suede,bags,198,178,,True,4.703883495145631,206,"Our design team considered every detail to give this chic carryall a custom feel, from the double-zipper closure to the feet along the bottom that protect against wear and tear. But our favorite innovation has to be the contrast suede lining, which we bonded to the outside for a slouchy-yet-structured finish. Everyday, elevated—indeed.100% leather.Imported.Select stores.Item CP048.Leather Working Group™This purchase supportsLWG-certified tanneriesLearn more about our Re-imagined fibersShop all Re-imagined styles",100% leather. Imported. Select stores. Item CP048.,"5""H x 10""W x 4 1/4""D; 9 1/2"" strap drop.","https://www.jcrew.com/s7-img-facade/CP048_EE8669?hei=1950&crop=0,0,1560,0",2,2026-02-23T13:02:47Z,https://www.jcrew.com/m/womens/categories/accessories/bags/delphine/ME974?display=all&fit=Classic&colorProductCode=CP048&colorCode=EE8669
CR299,jcrew,J.Crew,Berkeley belted bucket bag in studded leather,bags,382.01,248,,True,4.2,5,"We took the sleek leather bucket bag you love and added a removable grommet-accented belt (which matches back to our belt collection for peak coordination). Bonus: To keep things secure, it also comes with an easy self-tie closure on the inside.Leather.Self-tie closure.Select stores.Item CR299.Leather Working Group™This purchase supportsLWG-certified tanneriesLearn more about our Re-imagined fibersShop all Re-imagined styles",Leather. Self-tie closure. Select stores. Item CR299.,"12 1/2""H x 13 1/4""W. 1 1/8"" strap width. 9"" handle drop.","https://www.jcrew.com/s7-img-facade/CR299_BK0001_m?hei=1950&crop=0,0,1560,0",1,2026-02-23T13:03:19Z,https://www.jcrew.com/p/womens/categories/accessories/bags/berkeley/CR299?display=all&fit=Classic&colorProductCode=CR299&colorCode=BK0001
CP938,jcrew,J.Crew,Berkeley small chainlink shoulder bag in suede,bags,304.98,198,,True,4.81858407079646,226,"Part of our best-selling Berkeley family, this suede shoulder bag comes in our slightly smaller size, with just enough room for your essentials. It's finished with a sleek chainlink strap, a refreshed, streamlined design, an interior card pocket and a magnetic closure—so it's as practical as it is polished. Please note: The color in this fabric may transfer and should be handled with care.100% leather.Imported.Select stores.Item CP938.Leather Working Group™This purchase supportsLWG-certified tanneriesLearn more about our Re-imagined fibersShop all Re-imagined styles",100% leather. Imported. Select stores. Item CP938.,"5 3/4""H x 9 7/8""W x 3 1/2""D; 7 1/2"" handle drop.","https://www.jcrew.com/s7-img-facade/CP938_BK0001_m?hei=1950&crop=0,0,1560,0",1,2026-02-23T13:03:51Z,https://www.jcrew.com/p/womens/categories/accessories/bags/berkeley/CP938?display=all&fit=Classic&colorProductCode=CP938&colorCode=BK0001
CQ923,jcrew,J.Crew,Medium seaport tote bag in washed canvas,Bags & Wallets,150.96,98,,False,,,"Our medium tote bag is built in tough, durable cotton canvas, ideal for hauling all of your stuff. With exterior pockets for a pair of sneakers or a bunch of carrots, this size takes you to and from the farmer's market, the gym or an overnight. You'll find interior pockets, plus a key clip and a name tag so you can personalize the bag.Cotton canvas.Small flag label at front.Interior name label.Spot clean.Imported.Select stores.Item CQ923.",Cotton canvas. Small flag label at front. Interior name label. Spot clean. Imported. Select stores. Item CQ923.,"14""H x 20""W.","https://www.jcrew.com/s7-img-facade/CQ923_PP7944_m?hei=1950&crop=0,0,1560,0",1,2026-02-23T13:04:24Z,https://www.jcrew.com/p/mens/categories/accessories/bags/messengers-and-totes/CQ923?display=all&fit=Classic&colorProductCode=CQ923&colorCode=PP7944
CR880,jcrew,J.Crew,Berkeley small shoulder bag in leather,women,148,,,False,4.747292418772563,277,"This latest addition to our best-selling Berkeley family can be worn as a shoulder bag or crossbody, thanks to the adjustable strap. It's finished with signature gold-tone hardware, colorful leather and a scaled-down proportion that's just roomy enough for your essentials—plus your current book-club read.100% leather.Adjustable strap.Imported.Select stores.Item CR880.Leather Working Group™This purchase supportsLWG-certified tanneriesLearn more about our Re-imagined fibersShop all Re-imagined styles",100% leather. Adjustable strap. Imported. Select stores. Item CR880.,"5 3/4""H x 10""W x 4""D. 7 1/2"" strap drop.","https://www.jcrew.com/s7-img-facade/CR880_PK0312?hei=1950&crop=0,0,1560,0",2,2026-02-23T13:04:56Z,https://www.jcrew.com/m/womens/categories/accessories/bags/ME975?display=all&fit=Classic&colorProductCode=CR880&colorCode=PK0312
CT839,jcrew,J.Crew,Berkeley handknotted bucket bag in raffia,women,304.98,198,,False,,,"We gave your favorite slouchy bucket bag a warm-weather makeover with handknotted raffia and polished leather details. For added security and structure, it also comes with an easy self-tie closure on the inside.Raffia.Handknotted.Imported.Select stores.Item CT839.",Raffia. Handknotted. Imported. Select stores. Item CT839.,"12 1/2""H x 13 1/4""W x 5 7/8""D. 9"" strap drop.","https://www.jcrew.com/s7-img-facade/CT839_EE7109?hei=1950&crop=0,0,1560,0",1,2026-02-23T13:05:28Z,https://www.jcrew.com/p/womens/categories/accessories/bags/CT839?display=all&fit=Classic&colorProductCode=CT839&colorCode=EE7109
CR882,jcrew,J.Crew,Berkeley small handknotted shoulder bag in raffia,women,227.97,148,,False,,,"This latest addition to our best-selling Berkeley family can be worn as a shoulder bag or crossbody, thanks to the adjustable strap. It's finished with signature gold-tone hardware, spring-friendly raffia and a scaled-down proportion that's just roomy enough for your essentials—plus your current book-club read.Raffia.Leather trim.Handknotted.Imported.Select stores.Item CR882.",Raffia. Leather trim. Handknotted. Imported. Select stores. Item CR882.,"6""H x 9 1/2""W x 4 1/4""D. Crossbody strap length: 45 1/2"".","https://www.jcrew.com/s7-img-facade/CR882_EE7109_m?hei=1950&crop=0,0,1560,0",1,2026-02-23T13:06:00Z,https://www.jcrew.com/p/womens/categories/accessories/bags/CR882?display=all&fit=Classic&colorProductCode=CR882&colorCode=EE7109
CR878,jcrew,J.Crew,Berkeley small shoulder bag in studded leather and suede,women,178,148,,False,4.747292418772563,277,"This latest addition to our best-selling Berkeley family can be worn as a shoulder bag or crossbody, thanks to the adjustable strap. It's finished with western-inspired studded leather accents, soft suede and a scaled-down proportion that's just roomy enough for your essentials.100% suede.Adjustable strap.Leather studs.Linen lining.Imported.Select stores.Item CR878.Leather Working Group™This purchase supportsLWG-certified tanneriesLearn more about our Re-imagined fibersShop all Re-imagined styles",100% suede. Adjustable strap. Leather studs. Linen lining. Imported. Select stores. Item CR878.,"5 3/4""H x 10""W x 4""D. 7 1/2"" strap drop.","https://www.jcrew.com/s7-img-facade/CR878_NA6524_m?hei=1950&crop=0,0,1560,0",2,2026-02-23T13:06:32Z,https://www.jcrew.com/m/womens/categories/accessories/bags/ME975?display=all&fit=Classic&colorProductCode=CR878&colorCode=NA6524
BZ003,jcrew,J.Crew,Como woven straw tote,bags,227.97,148,,False,4.85792349726776,183,"Our woven straw style is perfect for taking everywhere—from the farmer's market to your next beach vacation. Roomy and refined, it features slim leather straps and an updated shape that's flared at the opening for a modern look.Straw.Leather lining.Imported.Select stores.Item BZ003.",Straw. Leather lining. Imported. Select stores. Item BZ003.,"11 1/2""H x 23""W x 8""D; 11"" handle drop.","https://www.jcrew.com/s7-img-facade/BZ003_EB9318?hei=1950&crop=0,0,1560,0",2,2026-02-23T13:07:04Z,https://www.jcrew.com/p/womens/categories/accessories/bags/shoulder-bags/BZ003?display=all&fit=Classic&colorProductCode=BZ003&colorCode=EB9318
CH254,jcrew,J.Crew,Berkeley buckle shoulder bag in handknotted straw,bags,227.97,148,,False,4.5625,16,"Our newest day-to-night take pairs handknotted paper straw and a magnetic leather closure with dramatic gold-tone hardware. Plus, we added a special shout-out to our heritage with oar-shaped details at the base of the handles, which were inspired by our classic labels from the '80s and '90s.Handknotted natural straw body.Leather trim.Imported.Select stores.Item CH254.",Handknotted natural straw body. Leather trim. Imported. Select stores. Item CH254.,"6""H x 9 1/2""W x 2""D. 9"" handle drop.","https://www.jcrew.com/s7-img-facade/CH254_EE7217_m?hei=1950&crop=0,0,1560,0",1,2026-02-23T13:07:15Z,https://www.jcrew.com/p/womens/categories/accessories/bags/berkeley/CH254?display=all&fit=Classic&colorProductCode=CH254&colorCode=EE7217
CR296,jcrew,J.Crew,Berkeley structured shoulder bag in suede,bags,289.58,188,,True,4.4,5,"Part of our best-selling Berkeley family, this soft suede shoulder bag comes in a slightly smaller size with just enough room for your essentials—plus your current book-club read. It's finished with a zipper closure, inner pockets and a structured silhouette that always looks pulled-together. Please note: The color in this fabric may transfer and should be handled with care.Suede.Imported.Select stores.Item CR296.Leather Working Group™This purchase supportsLWG-certified tanneriesLearn more about our Re-imagined fibersShop all Re-imagined styles",Suede. Imported. Select stores. Item CR296.,"6""H x 12 3/4""W. 8 1/2"" strap drop.","https://www.jcrew.com/s7-img-facade/CR296_EE9628_m?hei=1950&crop=0,0,1560,0",1,2026-02-23T13:07:36Z,https://www.jcrew.com/p/womens/categories/accessories/bags/berkeley/CR296?display=all&fit=Classic&colorProductCode=CR296&colorCode=EE9628
CP053,jcrew,J.Crew,Beaded bucket bag,bags,366.6,238,,True,4.909090909090909,11,"Add a little fun to your look with this small bucket bag, featuring all kinds of shimmery beads in a just-right size that goes from day to night.Glass beads.Imported.Select stores.Item CP053.",Glass beads. Imported. Select stores. Item CP053.,"7""H x 6 3/4""W x 4 1/2""D; 10"" handle drop.","https://www.jcrew.com/s7-img-facade/CP053_EE9339?hei=1950&crop=0,0,1560,0",2,2026-02-23T13:07:49Z,https://www.jcrew.com/p/womens/categories/accessories/bags/bucket-bags/CP053?display=all&fit=Classic&colorProductCode=CP053&colorCode=EE9339
BX994,jcrew,J.Crew,Portofino handknotted clutch,bags,197.16,128,,False,4.864406779661017,118,this structured clutch features a sleek magnetic closure that works for every dress code.Raffia.Cotton lining.Imported.Select stores.Item BX994.,Raffia. Cotton lining. Imported. Select stores. Item BX994.,"6 1/2""H x 9 1/2""W x 3 1/2""D.","https://www.jcrew.com/s7-img-facade/BX994_NA6445?hei=1950&crop=0,0,1560,0",2,2026-02-23T13:08:08Z,https://www.jcrew.com/p/womens/categories/accessories/bags/clutches-and-pouches/BX994?display=all&fit=Classic&colorProductCode=BX994&colorCode=NA6445
CR893,jcrew,J.Crew,Delphine shoulder bag in novelty leather,bags,198,178,,True,4.703883495145631,206,"Our design team considered every detail to give this double-zipper carryall a custom feel, from the contrast suede lining to the feet along the bottom that protect against wear and tear. Plus, you'll love the expertly treated leather with a soft, lived-in patina (aka natural marks that add heritage-inspired character).100% leather.Imported.Select stores.Item CR893.Leather Working Group™This purchase supportsLWG-certified tanneriesLearn more about our Re-imagined fibersShop all Re-imagined styles",100% leather. Imported. Select stores. Item CR893.,"5""H x 10""W x 4 1/2""D. 9 1/2"" strap drop.","https://www.jcrew.com/s7-img-facade/CR893_EE9608_m?hei=1950&crop=0,0,1560,0",2,2026-02-23T13:08:21Z,https://www.jcrew.com/m/womens/categories/accessories/bags/delphine/ME974?display=all&fit=Classic&colorProductCode=CR893&colorCode=EE9608
CH247,jcrew,J.Crew,Small rattan top-handle bag,bags,274.19,178,,False,4.829268292682927,41,"This elegant rectangular silhouette (complete with a top-handle detail) is our latest iteration of the rattan bag that we design—by popular demand—each season. From special occasions to everyday, the adaptable style is the perfect plus-one. Bonus: We added a removable crossbody chain for extra versatility.Rattan body.Leather trim.Removable crossbody chain.Imported.Select stores.Item CH247.",Rattan body. Leather trim. Removable crossbody chain. Imported. Select stores. Item CH247.,"5 1/4""H x 7 3/4""W x 3""D. 4 1/2"" handle drop.","https://www.jcrew.com/s7-img-facade/CH247_EE7109_m?hei=1950&crop=0,0,1560,0",1,2026-02-23T13:08:40Z,https://www.jcrew.com/p/womens/categories/accessories/bags/crossbody/CH247?display=all&fit=Classic&colorProductCode=CH247&colorCode=EE7109
CH248,jcrew,J.Crew,Handknotted raffia rectangular clutch,bags,128,,,False,4.490566037735849,53,"This handknotted raffia clutch fits all of your event essentials (keys, lipstick, phone, credit cards and more). P.S. Each bag is woven by hand, so no two are exactly alike.Natural raffia body.Handknotted.Imported.Select stores.Item CH248.",Natural raffia body. Handknotted. Imported. Select stores. Item CH248.,"7 1/2""H x 12""W x 3""D.","https://www.jcrew.com/s7-img-facade/CH248_NA6445_m?hei=1950&crop=0,0,1560,0",2,2026-02-23T13:08:51Z,https://www.jcrew.com/m/womens/categories/accessories/bags/clutches-and-pouches/ME347?display=all&fit=Classic&colorProductCode=CH248&colorCode=NA6445
CR298,jcrew,J.Crew,Berkeley belted bucket bag in suede and croc-embossed leather,bags,382.01,248,,True,4.833333333333333,6,"We took the slouchy suede bucket bag you love and added a removable crocodile-embossed leather belt (which matches back to our belt collection for peak coordination). To keep things secure, it also comes with an easy self-tie closure on the inside. Please note: The color in this fabric may transfer and should be handled with care.Suede body.Removable leather belt.Self-tie closure.Imported.Select stores.Item CR298.Leather Working Group™This purchase supportsLWG-certified tanneriesLearn more about our Re-imagined fibersShop all Re-imagined styles",Suede body. Removable leather belt. Self-tie closure. Imported. Select stores. Item CR298.,"12 1/2""H x 13 1/4""W. 1 1/8"" strap width. 9"" handle drop.","https://www.jcrew.com/s7-img-facade/CR298_BR8801_m?hei=1950&crop=0,0,1560,0",1,2026-02-23T13:09:03Z,https://www.jcrew.com/p/womens/categories/accessories/bags/berkeley/CR298?display=all&fit=Classic&colorProductCode=CR298&colorCode=BR8801
CP052,jcrew,J.Crew,Drawstring pouch bag in satin,bags,181.76,118,,True,5.0,16,"Bring this colorful, statement-making drawstring bag to your next party for all the compliments. Because we love options, it comes with a removable top handle, so you can wear it on your arm or hold it as a clutch.Polyester shell.Polyester lining.Imported.Select stores.Item CP052.",Polyester shell. Polyester lining. Imported. Select stores. Item CP052.,"6 1/4""H x 8""W x 1 5/8""D. 10"" handle drop.","https://www.jcrew.com/s7-img-facade/CP052_RD0136?hei=1950&crop=0,0,1560,0",1,2026-02-23T13:09:24Z,https://www.jcrew.com/p/womens/categories/accessories/bags/clutches-and-pouches/CP052?display=all&fit=Classic&colorProductCode=CP052&colorCode=RD0136
CP051,jcrew,J.Crew,Drawstring pouch bag in crystal-embellished satin,bags,181.76,118,,True,4.909090909090909,11,"Bring this sparkly, statement-making drawstring bag to your next party for all the compliments. Because we love options, it comes with a removable top handle, so you can wear it on your arm or hold it as a clutch.Polyester shell.Polyester lining.Imported.Select stores.Item CP051.",Polyester shell. Polyester lining. Imported. Select stores. Item CP051.,"6 1/4""H x 8""W x 1 5/8""D; 10"" handle drop.","https://www.jcrew.com/s7-img-facade/CP051_BK0001_m?hei=1950&crop=0,0,1560,0",1,2026-02-23T13:09:37Z,https://www.jcrew.com/p/womens/categories/accessories/bags/clutches-and-pouches/CP051?display=all&fit=Classic&colorProductCode=CP051&colorCode=BK0001
CR879,jcrew,J.Crew,Berkeley belted bucket bag in studded suede,women,459.02,298,,False,,,"We took the suede bucket bag you love and added grommet details and a removable belt (which matches back to our belt collection for peak coordination). Bonus: To keep things secure, it also comes with an easy self-tie closure on the inside.100% leather.Imported.Select stores.Item CR879.Leather Working Group™This purchase supportsLWG-certified tanneriesLearn more about our Re-imagined fibersShop all Re-imagined styles",100% leather. Imported. Select stores. Item CR879.,"12 1/2""H x 13 1/4""W x 5 7/8""D. 9"" strap drop.","https://www.jcrew.com/s7-img-facade/CR879_EE7690_ed?hei=1950&crop=0,0,1560,0",1,2026-02-23T13:09:57Z,https://www.jcrew.com/p/womens/categories/accessories/bags/CR879?display=all&fit=Classic&colorProductCode=CR879&colorCode=EE7690
CR886,jcrew,J.Crew,Delphine handknotted shoulder bag in straw,women,274.19,178,,False,,,"Our design team considered every detail to give this chic carryall a custom feel, from the double-zipper closure to the feet along the bottom that protect against wear and tear. For all your warm-weather days, our latest take comes in handknotted straw with smooth leather accents.Paper straw.Handknotted.Imported.Select stores.Item CR886.",Paper straw. Handknotted. Imported. Select stores. Item CR886.,"5""H x 10""W x 4 1/2""D. 9 1/2"" strap drop.","https://www.jcrew.com/s7-img-facade/CR886_EE7109_m?hei=1950&crop=0,0,1560,0",1,2026-02-23T13:10:32Z,https://www.jcrew.com/p/womens/categories/accessories/bags/CR886?display=all&fit=Classic&colorProductCode=CR886&colorCode=EE7109
CH249,jcrew,J.Crew,Handknotted raffia rectangular clutch with leather handles,bags,138,128,,False,4.490566037735849,53,"This woven raffia clutch fits all of your event essentials (keys, lipstick, phone, credit cards and more). We extra-love the sleek leather handles on this version for an elevated contrast.Natural raffia body.Leather trim.Handknotted.Imported.Select stores.Item CH249.",Natural raffia body. Leather trim. Handknotted. Imported. Select stores. Item CH249.,"7 1/2""H x 12""W x 3""D.","https://www.jcrew.com/s7-img-facade/CH249_EE7109_m?hei=1950&crop=0,0,1560,0",1,2026-02-23T13:10:44Z,https://www.jcrew.com/m/womens/categories/accessories/bags/clutches-and-pouches/ME347?display=all&fit=Classic&colorProductCode=CH249&colorCode=EE7109
P3192,jcrew,J.Crew,Bembien® mini sling bag,bags,385.09,250,,False,,,"from around the world. Ten percent of all Bembien proceeds goes to Nest, a nonprofit dedicated to the social and economic advancement of artisan communities all around the globe. The easy way to do a fashion-forward piece. Our mini sling is an outfit-maker that looks chic on everyone. With an adjustable strap, so you can wear it multiple ways. It elevates the simplest of outfits into something intentional and styled.Leather.Imported.Online only.Item P3192.",Leather. Imported. Online only. Item P3192.,"9""H x 5""W x 1""D.","https://www.jcrew.com/s7-img-facade/P3192_BR0984?hei=1950&crop=0,0,1560,0",3,2026-02-23T13:11:05Z,https://www.jcrew.com/p/womens/categories/accessories/bags/crossbody/P3192?display=all&fit=Classic&colorProductCode=P3192&colorCode=BR0984
M7271,jcrew,J.Crew,Bembien® Camilla bag,bags,539.11,350,,False,5.0,2,"from around the world. Ten percent of all Bembien proceeds goes to Nest, a nonprofit dedicated to the social and economic advancement of artisan communities all around the globe. For sipping cappuccinos and reading Proust, the Camilla is a day bag with a twist. A touch smaller than your typical work bag with a notched ""V"" that makes this functional tote an outfit maker.Cow leather.Import.Online only.Item M7271.",Cow leather. Import. Online only. Item M7271.,"13"" x 12"".","https://www.jcrew.com/s7-img-facade/M7271_BR1123?hei=1950&crop=0,0,1560,0",2,2026-02-23T13:11:39Z,https://www.jcrew.com/p/womens/categories/accessories/bags/totes/M7271?display=all&fit=Classic&colorProductCode=M7271&colorCode=BR1123
CT152,jcrew,J.Crew,Medium seaport tote bag in canvas,Bags & Wallets,137.87,,,False,,,"Our medium tote bag is built in tough, durable cotton canvas, ideal for hauling all of your stuff. With exterior pockets for a pair of sneakers or a bunch of carrots, this size takes you to and from the farmer's market, the gym or an overnight. You'll find interior pockets, plus a key clip and a name tag so you can personalize the bag.Cotton canvas.Small flag label at front.Interior name label.Spot clean.Imported.Item CT152.",Cotton canvas. Small flag label at front. Interior name label. Spot clean. Imported. Item CT152.,"14""H x 20""W.","https://www.jcrew.com/s7-img-facade/CT152_PP7792?hei=1950&crop=0,0,1560,0",1,2026-02-23T13:12:13Z,https://www.jcrew.com/p/mens/categories/accessories/bags/messengers-and-totes/CT152?display=all&fit=Classic&colorProductCode=CT152&colorCode=PP7792
N7262,jcrew,J.Crew,KAYU® Harley bag,bags,374.3,243,,False,,,"female-run company that partners with women artisans in Southeast Asia to handmake their products using natural, sustainable materials and indigenous techniques passed down through generations.Woven raffia straw.Optional leather strap.Crossbody or over-the-shoulder styling.Import.Online only.Item N7262.",Woven raffia straw. Optional leather strap. Crossbody or over-the-shoulder styling. Import. Online only. Item N7262.,"6 1/2""H x 9""W x 6 3/4""D; 25"" handle drop.","https://www.jcrew.com/s7-img-facade/N7262_BR0968?hei=1950&crop=0,0,1560,0",,2026-02-23T13:12:47Z,https://www.jcrew.com/p/womens/categories/accessories/bags/clutches-and-pouches/N7262?display=all&fit=Classic&colorProductCode=N7262&colorCode=BR0968
N8955,jcrew,J.Crew,Bembien® mini sling bag,bags,385.09,250,,True,,,"from around the world. Ten percent of all Bembien proceeds goes to Nest, a nonprofit dedicated to the social and economic advancement of artisan communities all around the globe. Meet your new outfit-maker. Mini bag in handwoven leather with an adjustable shoulder strap to wear it short or long. Features a narrow, paneled leather bottom and a top zipper.Leather.Imported.Online only.Item N8955.",Leather. Imported. Online only. Item N8955.,"9""H x 1""W x 5""D.","https://www.jcrew.com/s7-img-facade/N8955_BK0001?hei=1950&crop=0,0,1560,0",2,2026-02-23T13:13:19Z,https://www.jcrew.com/p/womens/categories/accessories/bags/crossbody/N8955?display=all&fit=Classic&colorProductCode=N8955&colorCode=BK0001
CK155,jcrew,J.Crew,Baroque pearl phone chain,bags,76.25,,,False,4.409090909090909,22,"Add a personal touch to your tech with this baroque-inspired pearl chain that matches back to our jewelry collection. Pro tip: Wear it around your wrist to hold your phone hands-free (while looking superpolished at the same time).Gold-plated zinc, acrylic pearls, polyester thread, cubic zirconia.Imported.Select stores.Item CK155.","Gold-plated zinc, acrylic pearls, polyester thread, cubic zirconia. Imported. Select stores. Item CK155.","Length: 12 1/2"".","https://www.jcrew.com/s7-img-facade/CK155_EC7253?hei=1950&crop=0,0,1560,0",2,2026-02-23T13:13:32Z,https://www.jcrew.com/p/womens/categories/accessories/bags/phone-chains/CK155?display=all&fit=Classic&colorProductCode=CK155&colorCode=EC7253
CM952,jcrew,J.Crew,Delphine shoulder bag in studded leather,bags,366.6,238,,True,4.805555555555555,36,"Our design team considered every detail to give this chic carryall a custom feel, from the double-zipper closure to the feet along the bottom that protect against wear and tear. But our favorite innovation has to be the contrast suede lining, which we bonded to the outside for a slouchy-yet-structured finish. Everyday, elevated—indeed.100% leather.Allover stud design.Custom hardware.Lined.Imported.Select stores.Item CM952.Leather Working Group™This purchase supportsLWG-certified tanneriesLearn more about our Re-imagined fibersShop all Re-imagined styles",100% leather. Allover stud design. Custom hardware. Lined. Imported. Select stores. Item CM952.,"5""H x 10""W x 4 1/4""D; 9 1/2"" strap drop.","https://www.jcrew.com/s7-img-facade/CM952_EE7085_m?hei=1950&crop=0,0,1560,0",1,2026-02-23T13:13:53Z,https://www.jcrew.com/p/womens/categories/accessories/bags/delphine/CM952?display=all&fit=Classic&colorProductCode=CM952&colorCode=EE7085
M4435,jcrew,J.Crew,Bembien® Ella bag,bags,431.29,280,,False,3.6666666666666665,3,"from around the world. Ten percent of all Bembien proceeds goes to Nest, a nonprofit dedicated to the social and economic advancement of artisan communities all around the globe. The dreamiest of day bags. Light and easy, take Ella along for park walks with a good book for when the occasion strikes. Tucks neatly under your arm. Longer straps make for a comfortable fit over the shoulder and the ultimate in ease.Cow leather.Import.Online only.Item M4435.",Cow leather. Import. Online only. Item M4435.,"12""H x 8""W.","https://www.jcrew.com/s7-img-facade/M4435_BR1123?hei=1950&crop=0,0,1560,0",1,2026-02-23T13:14:08Z,https://www.jcrew.com/p/womens/categories/accessories/bags/totes/M4435?display=all&fit=Classic&colorProductCode=M4435&colorCode=BR1123
N5189,jcrew,J.Crew,Ame & Lulu women's Hamptons pickleball bag,bags,227.97,148,,True,5.0,4,"Established in 2003 in Brookline, Massachusetts, Ame & Lulu designs and manufactures stylish-yet-functional accessories for tennis, golf and everyday life. Show up to the pickleball court in style in the Hamptons Pickleball Bag. With an exterior paddle pocket and multiple interior pockets, you can't go wrong.Canvas.Spot clean.Imported.Online only.Item N5189.",Canvas. Spot clean. Imported. Online only. Item N5189.,"17 1/2""H x 12""W x 5""D.","https://www.jcrew.com/s7-img-facade/N5189_EF0047?hei=1950&crop=0,0,1560,0",,2026-02-23T13:14:25Z,https://www.jcrew.com/p/womens/categories/accessories/bags/totes/N5189?display=all&fit=Classic&colorProductCode=N5189&colorCode=EF0047
CP047,jcrew,J.Crew,Berkeley small shoulder bag in patent leather,bags,178,,,False,4.81858407079646,226,"Part of our best-selling Berkeley family, this textured leather shoulder bag comes in our slightly smaller size, with just enough room for all of your essentials. It's finished with signature gold-tone hardware, an adjustable shoulder strap and a magnetic closure—so it's as practical as it is polished.100% leather.Select stores.Item CP047.Leather Working Group™This purchase supportsLWG-certified tanneriesLearn more about our Re-imagined fibersShop all Re-imagined styles",100% leather. Select stores. Item CP047.,"5 3/4""H x 9 7/8""W x 3 1/2""D. 5 1/2""–7 1/2"" adjustable handle drop. 46"" crossbody strap.","https://www.jcrew.com/s7-img-facade/CP047_RD0204?hei=1950&crop=0,0,1560,0",1,2026-02-23T13:14:48Z,https://www.jcrew.com/p/womens/categories/accessories/bags/berkeley/CP047?display=all&fit=Classic&colorProductCode=CP047&colorCode=RD0204
CP090,jcrew,J.Crew,Filson® rugged twill duffel bag,Bags & Wallets,916.49,595,,False,5.0,1,"some of the toughest outerwear on the market—and they've been doing it since the late 1800s. A best seller since 1990 and made in the U.S., this duffel bag is designed with industrial-strength rugged twill and bridled leather with an adjustable (and removable) shoulder strap, plus handles that wrap around to securely cradle heavy loads. It's sized to fit in an overhead and built to survive even the most extreme long weekends and multiday trips.Rugged cotton twill.Leather bridle.Spot clean.Made in the USA of imported fabric.Select stores.Item CP090.",Rugged cotton twill. Leather bridle. Spot clean. Made in the USA of imported fabric. Select stores. Item CP090.,"20""L x 12""W X 13""H. 43-liter capacity.","https://www.jcrew.com/s7-img-facade/CP090_EE9149?hei=1950&crop=0,0,1560,0",1,2026-02-23T13:15:26Z,https://www.jcrew.com/p/mens/categories/accessories/bags/travel-bags/CP090?display=all&fit=Classic&colorProductCode=CP090&colorCode=EE9149
CQ855,jcrew,J.Crew,Tortoiseshell phone chain,bags,76.25,,,False,4.142857142857143,7,"Add a personal touch to your tech with this luxe tortoiseshell chain. Pro tip: Wear it around your wrist to hold your phone hands-free (while looking superpolished at the same time).Gold-plated zinc, gold-plated aluminum, cubic zirconia.Imported.Select stores.Item CQ855.","Gold-plated zinc, gold-plated aluminum, cubic zirconia. Imported. Select stores. Item CQ855.","Length: 12 1/2"".","https://www.jcrew.com/s7-img-facade/CQ855_BR6803?hei=1950&crop=0,0,1560,0",2,2026-02-23T13:15:59Z,https://www.jcrew.com/p/womens/categories/accessories/bags/phone-chains/CQ855?display=all&fit=Classic&colorProductCode=CQ855&colorCode=BR6803
N7757,jcrew,J.Crew,Bembien® le sac bag,bags,446.7,290,,False,2.0,1,"from around the world. Ten percent of all Bembien proceeds goes to Nest, a nonprofit dedicated to the social and economic advancement of artisan communities all around the globe. A chic shoulder bag with a slouchy silhouette for a touch of seventies nostalgia. Roomy enough to carry your daytime essentials, in a timeless design that's perfect for wine-filled dinners and wherever summer takes you. The shoulder strap slips over woolly sweaters and coats for year-round versatility.Cow leather.Spot clean.Import.Online only.Item N7757.",Cow leather. Spot clean. Import. Online only. Item N7757.,"12"" x 7"" x 2"".","https://www.jcrew.com/s7-img-facade/N7757_BR1123?hei=1950&crop=0,0,1560,0",3,2026-02-23T13:16:33Z,https://www.jcrew.com/p/womens/categories/accessories/bags/shoulder-bags/N7757?display=all&fit=Classic&colorProductCode=N7757&colorCode=BR1123
P3336,jcrew,J.Crew,Just Dutch handmade Miffy doll in pink dress and tulip bag,girls,61.61,38,,False,5.0,1,"Miffy, to life with handmade crochet dolls crafted from soft organic cotton and eco-friendly materials, inviting children to create endless adventures. Featuring colorful changeable outfits, each doll is thoughtfully made by differently abled artisans in Vietnam, blending Dutch design, imaginative storytelling and meaningful social impact. Miffy is wearing her favorite pink dress and has picked up her tulip bag, ready to greet the sunny day with curiosity. She is planning a sweet surprise for a dear friend and hopes you will join her to share in the joy. Wherever her imagination takes her, Miffy brings along a sense of wonder, kindness and care. Handmade with soft cotton and thoughtful detail, this Miffy doll is a sweet companion for children and collectors alike. Her simple outfit invites open-ended play and gentle storytelling, encouraging little ones to create their own adventures. Inspired by Dutch design and the colors of spring, she brings charm, calm and creativity into any space she joins.Cotton.Embroidered eyes.Handmade.Hand wash.Imported.Online only.Item P3336.",Cotton. Embroidered eyes. Handmade. Hand wash. Imported. Online only. Item P3336.,"10""H x 4""W x 2""D. Suitable for children aged three and older.","https://www.jcrew.com/s7-img-facade/P3336_EF0363?hei=1950&crop=0,0,1560,0",2,2026-02-23T13:17:08Z,https://www.jcrew.com/p/girls/categories/accessories/fun-finds/P3336?display=all&fit=Classic&colorProductCode=P3336&colorCode=EF0363
CK154,jcrew,J.Crew,Metallic link phone chain,bags,76.25,,,False,3.909090909090909,11,"Add a personal touch to your tech with this metallic chain that matches back to our jewelry collection. Pro tip: Wear it around your wrist to hold your phone hands-free (while looking superpolished at the same time).Gold-plated zinc, gold-plated aluminum, cubic zirconia.Imported.Select stores.Item CK154.","Gold-plated zinc, gold-plated aluminum, cubic zirconia. Imported. Select stores. Item CK154.","Length: 12 1/2"".","https://www.jcrew.com/s7-img-facade/CK154_YL5433_m?hei=1950&crop=0,0,1560,0",2,2026-02-23T13:17:21Z,https://www.jcrew.com/p/womens/categories/accessories/bags/phone-chains/CK154?display=all&fit=Classic&colorProductCode=CK154&colorCode=YL5433
M7121,jcrew,J.Crew,Bembien® Gabrielle bag,bags,693.15,450,,True,1.0,1,"from around the world. Ten percent of all Bembien proceeds goes to Nest, a nonprofit dedicated to the social and economic advancement of artisan communities all around the globe. Our largest tote bag. A carryall tote handcrafted in woven leather with two braided shoulder straps and a magnetic closure. Fits your 16"" laptop, water bottle and change of shoes.Leather.Imported.Online only.Item M7121.",Leather. Imported. Online only. Item M7121.,"18""H x 13""W x 4""D.","https://www.jcrew.com/s7-img-facade/M7121_WC6066?hei=1950&crop=0,0,1560,0",3,2026-02-23T13:17:42Z,https://www.jcrew.com/p/womens/categories/accessories/bags/totes/M7121?display=all&fit=Classic&colorProductCode=M7121&colorCode=WC6066
CJ926,jcrew,J.Crew,Tortoise shell clutch,bags,227.97,148,,False,4.842105263157895,19,This ultracool tortoise shell clutch features an open geometric design that holds all of your essentials with ease. (Bonus: It's a total conversation starter.)Acetate.Imported.Select stores.Item CJ926.,Acetate. Imported. Select stores. Item CJ926.,"6 7/8""H x 8""W x 2 1/2""D.","https://www.jcrew.com/s7-img-facade/CJ926_EE4347_m?hei=1950&crop=0,0,1560,0",2,2026-02-23T13:18:22Z,https://www.jcrew.com/p/womens/categories/accessories/bags/clutches-and-pouches/CJ926?display=all&fit=Classic&colorProductCode=CJ926&colorCode=EE4347
CR877,jcrew,J.Crew,Berkeley bucket bag in leather,women,351.2,228,,False,,,"This timeless bucket bag is roomy enough to fit your laptop and polished enough to take anywhere, with an easy tie closure. Crafted in colorful leather that holds its shape—and its own—it's the polished carryall you've been asking for.100% leather.Imported.Online only.Item CR877.Leather Working Group™This purchase supportsLWG-certified tanneriesLearn more about our Re-imagined fibersShop all Re-imagined styles",100% leather. Imported. Online only. Item CR877.,"12 1/2""H x 13 1/4""W x 5 7/8""D. 9"" strap drop.","https://www.jcrew.com/s7-img-facade/CR877_PK0312?hei=1950&crop=0,0,1560,0",1,2026-02-23T13:18:55Z,https://www.jcrew.com/p/womens/categories/accessories/bags/CR877?display=all&fit=Classic&colorProductCode=CR877&colorCode=PK0312
CR658,jcrew,J.Crew,Girls' floral crossbody bag with sequins,girls,100.12,65,,False,,,"Nothing says spring like this one of a kind purse, covered in sequin-embellished blooms. Detail we love: the beaded crossbody strap.Polyester, acrylic.This item has small parts and is not intended for use by children under three years of age.Spot clean.Imported.Item CR658.","Polyester, acrylic. This item has small parts and is not intended for use by children under three years of age. Spot clean. Imported. Item CR658.",,"https://www.jcrew.com/s7-img-facade/CR658_EX0372?hei=1950&crop=0,0,1560,0",1,2026-02-23T13:19:28Z,https://www.jcrew.com/p/girls/categories/accessories/bags/CR658?display=all&fit=Classic&colorProductCode=CR658&colorCode=EX0372
N1054,jcrew,J.Crew,Barebones gathering bag,"Candles, Grooming & Home",123.23,80,,False,,,"the Gathering Bag offers versatility in use, wearing, emptying and care. Its convertible straps allow for comfortable chest or back carrying, while its drop-out bottom makes quick work of emptying the harvest. Constructed of weather- and water-resistant paraffin-waxed canvas and complete with a watertight, removable liner, the Gathering Bag is the essential foraging and harvesting partner.Paraffin-waxed canvas.Waxed canvas should never be dry cleaned or machine washed but can be carefully cleaned if you so choose.Brush off the loose dirt, rinse the surface with plain water, gently scrub with a brush, then let air dry.If your stains persist, use a mild bar or saddle soap.Over time or after cleaning, your waxed canvas may need to be re-waxed.To do so, use a wax conditioner and apply in accordance with manufacturer's instructions.Metal hardware.Import.Online only.Item N1054.","Paraffin-waxed canvas. Waxed canvas should never be dry cleaned or machine washed but can be carefully cleaned if you so choose. Brush off the loose dirt, rinse the surface with plain water, gently scrub with a brush, then let air dry. If your stains persist, use a mild bar or saddle soap. Over time or after cleaning, your waxed canvas may need to be re-waxed. To do so, use a wax conditioner and apply in accordance with manufacturer's instructions. Metal hardware. Import. Online only. Item N1054.","18"" x 16 1/2"" x 5""; 2.1 lbs.","https://www.jcrew.com/s7-img-facade/N1054_BR0614?hei=1950&crop=0,0,1560,0",,2026-02-23T13:19:40Z,https://www.jcrew.com/p/mens/categories/accessories/home/table-top/N1054?display=all&fit=Classic&colorProductCode=N1054&colorCode=BR0614
N6469,jcrew,J.Crew,Bembien® Carmen bag,bags,477.51,310,,False,5.0,1,"from around the world. Ten percent of all Bembien proceeds goes to Nest, a nonprofit dedicated to the social and economic advancement of artisan communities all around the globe. Our chic take on a classic day bag, for when you don't need to carry absolutely everything. In our buttery-soft, yet sturdy, oversized knotted weave with a sweet arched top to add a little something special. Don't be fooled by the size; Carmen is surprisingly roomy. Wear it crossbody, regular or tie the long strap into a knot and watch it transform into something new.Cow leather.Import.Online only.Item N6469.",Cow leather. Import. Online only. Item N6469.,"11"" x 3 1/2"" x 8 1/2"".","https://www.jcrew.com/s7-img-facade/N6469_BK0001?hei=1950&crop=0,0,1560,0",2,2026-02-23T13:20:01Z,https://www.jcrew.com/p/womens/categories/accessories/bags/crossbody/N6469?display=all&fit=Classic&colorProductCode=N6469&colorCode=BK0001
CP089,jcrew,J.Crew,Filson® rugged twill zipper tote bag,Bags & Wallets,454.4,295,,False,,,"some of the toughest outerwear on the market—and they've been doing it since the late 1800s. Made in the U.S., this tote bag has handles long enough for over-shoulder carrying and large stow pockets on all four sides to keep your things organized. It's made with industrial-strength rugged twill and bridled leather that's water-resistant and built to survive daily use.Rugged cotton twill.Leather bridle.Spot clean.Made in the USA of imported fabric.Select stores.Item CP089.",Rugged cotton twill. Leather bridle. Spot clean. Made in the USA of imported fabric. Select stores. Item CP089.,"15""L x 7""W x 14""H. 25-liter capacity.","https://www.jcrew.com/s7-img-facade/CP089_EE9149?hei=1950&crop=0,0,1560,0",1,2026-02-23T13:20:35Z,https://www.jcrew.com/p/mens/categories/accessories/bags/laptop-bags/CP089?display=all&fit=Classic&colorProductCode=CP089&colorCode=EE9149
CF925,jcrew,J.Crew,Berkeley overnight tote in leather,bags,348,,,False,4.864864864864865,37,"the perfect take-it-everywhere leather style inspired by our best-selling bag collection. New this season, our overnight edition is just the right size for all your overnight necessities. Bonus: This size features a travel-ready zippered top, an inner pocket to hold your laptop and a detachable woven strap for easy over-the-shoulder carrying. Detail we love: the suede accents throughout for a luxe finishing touch.Leather.Interior pocket fits laptop.Cotton lining.Imported.Online only.Item CF925.Leather Working Group™This purchase supportsLWG-certified tanneriesLearn more about our Re-imagined fibersShop all Re-imagined styles",Leather. Interior pocket fits laptop. Cotton lining. Imported. Online only. Item CF925.,"13 3/4""H x18""W x 8""D; 9"" handle drop. 11""-26"" removable crossbody strap.","https://www.jcrew.com/s7-img-facade/CF925_BK0001_m?hei=1950&crop=0,0,1560,0",2,2026-02-23T13:21:09Z,https://www.jcrew.com/m/womens/categories/accessories/bags/berkeley/ME294?display=all&fit=Classic&colorProductCode=CF925&colorCode=BK0001
CF796,jcrew,J.Crew,Atlantic Coastal Supplies large beach bag,Bags & Wallets,237.21,154,,False,5.0,1,"a coastal community in England known for its dramatic cliffs, golden beaches and world-class surf—Atlantic Coastal Supplies specializes in gear and apparel for any aquatic adventure. The large ACS beach tote is crafted at a sailmaker's studio from durable nylon canvas with waterproof backing, strong webbing handles and a secure aluminum G-hook closure.Nylon/canvas.Spot clean.Imported.Select stores.Item CF796.",Nylon/canvas. Spot clean. Imported. Select stores. Item CF796.,"17.7""L x 15""H x 12""D.","https://www.jcrew.com/s7-img-facade/CF796_BL0014?hei=1950&crop=0,0,1560,0",1,2026-02-23T13:21:42Z,https://www.jcrew.com/p/mens/categories/accessories/bags/messengers-and-totes/CF796?display=all&fit=Classic&colorProductCode=CF796&colorCode=BL0014
CJ880,jcrew,J.Crew,Small Malta handwoven straw bag,bags,,89,,True,4.065573770491803,61,"This tiny tote in handwoven straw fits the short list: phone, keys, wallet, lip gloss. Easy as ever, we added a removable leather crossbody strap for hands-free days.Handwoven paper straw.Removable crossbody strap.Imported.Select stores.Item CJ880.",Handwoven paper straw. Removable crossbody strap. Imported. Select stores. Item CJ880.,"6""H x 9""Wx 5""D. 3 1/2"" handle drop. 22"" strap.","https://www.jcrew.com/s7-img-facade/CJ880_EE3039?hei=1950&crop=0,0,1560,0",1,2026-02-23T13:22:16Z,https://www.jcrew.com/p/womens/categories/accessories/bags/crossbody/CJ880?display=all&fit=Classic&colorProductCode=CJ880&colorCode=EE7216
N1053,jcrew,J.Crew,Barebones gathering bag,"Candles, Grooming & Home",123.23,80,,False,,,"the Gathering Bag offers versatility in use, wearing, emptying and care. Its convertible straps allow for comfortable chest or back carrying, while its drop-out bottom makes quick work of emptying the harvest. Constructed of weather- and water-resistant paraffin-waxed canvas and complete with a watertight, removable liner, the Gathering Bag is the essential foraging and harvesting partner.Paraffin-waxed canvas.Waxed canvas should never be dry cleaned or machine washed but can be carefully cleaned if you so choose.Brush off the loose dirt, rinse the surface with plain water, gently scrub with a brush, then let air dry.If your stains persist, use a mild bar or saddle soap.Over time or after cleaning, your waxed canvas may need to be re-waxed.To do so, use a wax conditioner and apply in accordance with manufacturer's instructions.Metal hardware.Import.Online only.Item N1053.","Paraffin-waxed canvas. Waxed canvas should never be dry cleaned or machine washed but can be carefully cleaned if you so choose. Brush off the loose dirt, rinse the surface with plain water, gently scrub with a brush, then let air dry. If your stains persist, use a mild bar or saddle soap. Over time or after cleaning, your waxed canvas may need to be re-waxed. To do so, use a wax conditioner and apply in accordance with manufacturer's instructions. Metal hardware. Import. Online only. Item N1053.","18"" x 16 1/2"" x 5""; 2.1 lbs.","https://www.jcrew.com/s7-img-facade/N1053_EC0793?hei=1950&crop=0,0,1560,0",,2026-02-23T13:22:49Z,https://www.jcrew.com/p/mens/categories/accessories/home/table-top/N1053?display=all&fit=Classic&colorProductCode=N1053&colorCode=EC0793
CO573,jcrew,J.Crew,Leather bifold cardholder,Bags & Wallets,85,,,False,5.0,3,"this classic bifold wallet with a debossed J.Crew logo makes the perfect gift (for yourself, included).100% leather.Spot clean.Imported.Select stores.Item CO573.",100% leather. Spot clean. Imported. Select stores. Item CO573.,One size.,"https://www.jcrew.com/s7-img-facade/CO573_BK0001?hei=1950&crop=0,0,1560,0",2,2026-02-23T13:23:22Z,https://www.jcrew.com/m/mens/categories/accessories/bags/wallets/ME809?display=all&fit=Classic&colorProductCode=CO573&colorCode=BK0001
M1764,jcrew,J.Crew,KAYU® Jen clutch,bags,585.33,380,,False,5.0,1,"female-run company that partners with women artisans in Southeast Asia to handmake their products using natural, sustainable materials and indigenous techniques passed down through generations.Woven straw.White stone clasp.Optional drop-in chain strap.Import.Online only.Item M1764.",Woven straw. White stone clasp. Optional drop-in chain strap. Import. Online only. Item M1764.,"4 1/2""H x 7 1/2""W x 2""D.","https://www.jcrew.com/s7-img-facade/M1764_BR0968?hei=1950&crop=0,0,1560,0",6,2026-02-23T13:23:55Z,https://www.jcrew.com/p/womens/categories/accessories/bags/clutches-and-pouches/M1764?display=all&fit=Classic&colorProductCode=M1764&colorCode=BR0968
BO197,jcrew,J.Crew,Bond Street graphic tote bag,Bags & Wallets,88,,,False,4.9,10,"we made this durable 100 percent cotton canvas tote with a custom East Coast-inspired graphic, a removable shoulder strap and an internal zip pocket to secure your essentials. Bring it to the farmer's market, to work, on a trip—and when you shop J.Crew.Cotton.Adjustable strap.Spot clean.Imported.Select stores.16""H x 20 1/2""W x 7""D (top); 16""H x 15 1/4""W x 7""D (bottom).Item BO197.","Cotton. Adjustable strap. Spot clean. Imported. Select stores. 16""H x 20 1/2""W x 7""D (top); 16""H x 15 1/4""W x 7""D (bottom). Item BO197.","5 1/2"" handle drop. 13""-25"" crossbody adjustable strap. One size.","https://www.jcrew.com/s7-img-facade/BO197_PP5980?hei=1950&crop=0,0,1560,0",1,2026-02-23T13:24:30Z,https://www.jcrew.com/p/mens/categories/accessories/bags/messengers-and-totes/BO197?display=all&fit=Classic&colorProductCode=BO197&colorCode=PP5980
CP611,jcrew,J.Crew,Leather billfold cardholder,Bags & Wallets,85,,,False,5.0,3,"this classic billfold wallet with a debossed J.Crew logo makes the perfect gift (for yourself, included).100% leather.Spot clean.Imported.Select stores.Item CP611.",100% leather. Spot clean. Imported. Select stores. Item CP611.,One size.,"https://www.jcrew.com/s7-img-facade/CP611_PP7847?hei=1950&crop=0,0,1560,0",2,2026-02-23T13:25:02Z,https://www.jcrew.com/m/mens/categories/accessories/bags/wallets/ME809?display=all&fit=Classic&colorProductCode=CP611&colorCode=PP7847
CJ895,jcrew,J.Crew,Small handknotted crochet bag with beads,bags,118,,,False,5.0,6,"Add a little fun to your look with this small top-handle bag, featuring handknotted cotton rope and allover metallic beading. Designed to fit your phone and wallet, it's just the right size for day or night.Cotton.Handknotted.Handwoven.Imported.Select stores.Item CJ895.",Cotton. Handknotted. Handwoven. Imported. Select stores. Item CJ895.,"6""H x 7""W x 2 7/8""D; 4"" handle drop.","https://www.jcrew.com/s7-img-facade/CJ895_EE7728?hei=1950&crop=0,0,1560,0",1,2026-02-23T13:25:35Z,https://www.jcrew.com/p/womens/categories/accessories/bags/straw/CJ895?display=all&fit=Classic&colorProductCode=CJ895&colorCode=EE7728
N4292,jcrew,J.Crew,Ame & Lulu women's game on tennis backpack,bags,181.76,118,,True,5.0,1,"Established in 2003 in Brookline, Massachusetts, Ame & Lulu designs and manufactures stylish-yet-functional accessories for tennis, golf and everyday life. It's game time with the new-and-improved Game On Tennis Backpack. Made out of a lightweight-yet-sturdy nylon, this backpack now has extra padding for structure and comfort.Nylon.Spot clean.Imported.Online only.Item N4292.",Nylon. Spot clean. Imported. Online only. Item N4292.,"One size. 13 1/2""L x 5""W x 16 1/2""H.","https://www.jcrew.com/s7-img-facade/N4292_WC6066?hei=1950&crop=0,0,1560,0",3,2026-02-23T13:25:48Z,https://www.jcrew.com/p/womens/categories/accessories/bags/backpack/N4292?display=all&fit=Classic&colorProductCode=N4292&colorCode=WC6066
CO577,jcrew,J.Crew,Leather passport holder,Bags & Wallets,110,,,False,,,crafted in textured leather with a debossed J.Crew logo to keep your passport handy.100% leather.Machine wash.Imported.Select stores.Item CO577.,100% leather. Machine wash. Imported. Select stores. Item CO577.,One size.,"https://www.jcrew.com/s7-img-facade/CO577_PP7847?hei=1950&crop=0,0,1560,0",2,2026-02-23T13:26:09Z,https://www.jcrew.com/m/mens/categories/accessories/bags/wallets/ME810?display=all&fit=Classic&colorProductCode=CO577&colorCode=PP7847
M1762,jcrew,J.Crew,KAYU® mini St. Tropez tote,bags,146.34,95,,False,4.25,4,"female-run company that partners with women artisans in Southeast Asia to handmake their products using natural, sustainable materials and indigenous techniques passed down through generations.Woven seagrass straw.Yarn-wrapped handles.Coordinating pom-poms.Import.Online only.Item M1762.",Woven seagrass straw. Yarn-wrapped handles. Coordinating pom-poms. Import. Online only. Item M1762.,"6 1/2""H x 9""W x 10""D; 4 1/4"" handle drop.","https://www.jcrew.com/s7-img-facade/M1762_BR0968?hei=1950&crop=0,0,1560,0",2,2026-02-23T13:26:21Z,https://www.jcrew.com/p/womens/categories/accessories/bags/straw/M1762?display=all&fit=Classic&colorProductCode=M1762&colorCode=BR0968
CR052,jcrew,J.Crew,Masseria San Domenico X J.Crew embroidered packable tote bag,bags,198,,,False,3.0,1,"We partnered with Masseria San Domenico—the magical hotel in Puglia where we hosted a few of our friends this summer—on a limited-edition capsule inspired by the sights, style and spirit of the Italian coast. The perfect beach bag, this handknotted straw tote comes with a custom embroidered Masseria San Domenico crest and a foldable silhouette that easily fits in your suitcase.Paper.Leather lining.Imported.Select stores.Item CR052.",Paper. Leather lining. Imported. Select stores. Item CR052.,"12 1/2""H x 12 1/2""W x 12 1/2""D; 9"" handle drop.","https://www.jcrew.com/s7-img-facade/CR052_NA6445?hei=1950&crop=0,0,1560,0",1,2026-02-23T13:26:41Z,https://www.jcrew.com/p/womens/categories/accessories/bags/top-handle/CR052?display=all&fit=Classic&colorProductCode=CR052&colorCode=NA6445
N9159,jcrew,J.Crew,KAYU® mini Rosie tote,bags,197.16,128,,False,1.0,1,"female-run company that partners with women artisans in Southeast Asia to handmake their products using natural, sustainable materials and indigenous techniques passed down through generations. Woven mini seagrass tote with ribbon-wrapped handles and a gold charm.Straw.Import.Online only.Item N9159.",Straw. Import. Online only. Item N9159.,,"https://www.jcrew.com/s7-img-facade/N9159_BK0001?hei=1950&crop=0,0,1560,0",2,2026-02-23T13:26:55Z,https://www.jcrew.com/p/womens/categories/accessories/bags/straw/N9159?display=all&fit=Classic&colorProductCode=N9159&colorCode=BK0001
CP088,jcrew,J.Crew,Filson® original rugged twill briefcase,Bags & Wallets,762.46,495,,False,5.0,1,"some of the toughest outerwear on the market—and they've been doing it since the late 1800s. A best seller since 1994 and made in the U.S., this briefcase is crafted with industrial-strength rugged twill and bridled leather with an adjustable (and removable) shoulder strap. It's sized to fit up to a 15"" laptop and built to survive any workplace, whether on land, at sea or in the air.Rugged cotton twill.Leather bridle.Spot clean.Made in the USA of imported materials.Select stores.Item CP088.",Rugged cotton twill. Leather bridle. Spot clean. Made in the USA of imported materials. Select stores. Item CP088.,"16""L x 4""W x 12 1/2""H. 13-liter capacity.","https://www.jcrew.com/s7-img-facade/CP088_EE9149?hei=1950&crop=0,0,1560,0",1,2026-02-23T13:27:14Z,https://www.jcrew.com/p/mens/categories/accessories/bags/laptop-bags/CP088?display=all&fit=Classic&colorProductCode=CP088&colorCode=EE9149
CK700,jcrew,J.Crew,SZ Blockprints™ X J.Crew tote bag,women,178,,,False,4.0,1,"SZ Blockprints founder and designer, Sarah Zellweger, works with a team of local artisans in Jaipur, India, to create her signature vibrant block prints. This beach-ready tote features reversible motifs and multiple pockets for safe keeping.Cotton.Imported.Online only.Item CK700.",Cotton. Imported. Online only. Item CK700.,"21 1/4""L x 12 3/4"" W; 10 1/4"" handle drop.","https://www.jcrew.com/s7-img-facade/CK700_EE8367?hei=1950&crop=0,0,1560,0",1,2026-02-23T13:27:28Z,https://www.jcrew.com/p/womens/categories/accessories/bags/CK700?display=all&fit=Classic&colorProductCode=CK700&colorCode=EE8367
CF367,jcrew,J.Crew,Olympia Le-Tan© X J.Crew 1997 catalog clutch,bags,2772.57,1800,,False,,,"Our highly anticipated collaboration is back for a new exclusive drop. We partnered with the brand known for turning classic book covers into covetable, artful accessories on an exclusive collection of clutches celebrating archival J.Crew catalogs. This one of a kind style features a hand-embroidered recreation of our Christmas 1997 cover.Cotton/wool with stainless steel hardware and silk thread.Imported.Online only.Item CF367.",Cotton/wool with stainless steel hardware and silk thread. Imported. Online only. Item CF367.,"7.9""H x 5.5""W x 1.2""D.","https://www.jcrew.com/s7-img-facade/CF367_EE5619?hei=1950&crop=0,0,1560,0",1,2026-02-23T13:27:47Z,https://www.jcrew.com/p/womens/categories/accessories/bags/clutches-and-pouches/CF367?display=all&fit=Classic&colorProductCode=CF367&colorCode=EE5619
CP610,jcrew,J.Crew,Leather double-sided cardholder,Bags & Wallets,75,,,False,5.0,3,"this classic cardholder wallet makes the perfect gift (for yourself, included).100% leather.Spot clean.Imported.Select stores.Item CP610.",100% leather. Spot clean. Imported. Select stores. Item CP610.,One size.,"https://www.jcrew.com/s7-img-facade/CP610_PP7847?hei=1950&crop=0,0,1560,0",2,2026-02-23T13:28:01Z,https://www.jcrew.com/m/mens/categories/accessories/bags/wallets/ME808?display=all&fit=Classic&colorProductCode=CP610&colorCode=PP7847
CP031,jcrew,J.Crew,Girls' bow satin purse,girls,91.65,59,,True,4.714285714285714,7,"Meet the bag she'll want to take everywhere this season, thanks to a pretty bow embellishment, ribbon strap and sleek satin fabric.Polyester.Spot clean.Imported.Item CP031.",Polyester. Spot clean. Imported. Item CP031.,Size & Fit-Fitstrue to sizebased on7 customer reviews,"https://www.jcrew.com/s7-img-facade/CP031_RD5812?hei=1950&crop=0,0,1560,0",2,2026-02-23T13:28:21Z,https://www.jcrew.com/p/girls/categories/accessories/bags/CP031?display=all&fit=Classic&colorProductCode=CP031&colorCode=RD5812
CP029,jcrew,J.Crew,Girls' bow hand-beaded crossbody pouch,girls,84.72,55,,True,5.0,8,"This hand-embellished bag is decked out with lots of festive, mixed-shape bows and a crossbody strap made from colorful beads. Hello, great gift idea. . .Polyester.Spot clean.Imported.Item CP029.",Polyester. Spot clean. Imported. Item CP029.,Size & Fit-Fitstrue to sizebased on8 customer reviews,"https://www.jcrew.com/s7-img-facade/CP029_PK0134?hei=1950&crop=0,0,1560,0",1,2026-02-23T13:28:35Z,https://www.jcrew.com/p/girls/categories/accessories/bags/CP029?display=all&fit=Classic&colorProductCode=CP029&colorCode=PK0134
N8164,jcrew,J.Crew,KAYU® Lou clutch,bags,431.29,280,,True,,,"female-run company that partners with women artisans in Southeast Asia to handmake their products using natural, sustainable materials and indigenous techniques passed down through generations. Woven wicker clutch with gold-tone turn-lock closure and optional drop-in chain strap.Straw.Imported.Online only.Item N8164.",Straw. Imported. Online only. Item N8164.,"5""H x 8 1/2""W x 1 3/4""D.","https://www.jcrew.com/s7-img-facade/N8164_BR0968?hei=1950&crop=0,0,1560,0",2,2026-02-23T13:28:55Z,https://www.jcrew.com/p/womens/categories/accessories/bags/clutches-and-pouches/N8164?display=all&fit=Classic&colorProductCode=N8164&colorCode=BR0968
CF257,jcrew,J.Crew,Olympia Le-Tan&reg; X J.Crew 1994 catalog clutch,women,1700,,,False,4.568627450980392,51,,,,,,2026-02-23T13:29:27Z,https://www.jcrew.com/m/womens/categories/accessories/bags/clutches-and-pouches/ME101?display=all&fit=Classic&colorProductCode=CF257&colorCode=EE5619
CF368,jcrew,J.Crew,Olympia Le-Tan© X J.Crew 1994 catalog clutch,bags,2464.51,1600,,False,5.0,1,"Our highly anticipated collaboration is back for another exclusive drop. We partnered with the brand known for turning classic book covers into covetable, artful accessories on an exclusive collection of clutches celebrating archival J.Crew catalogs. This one of a kind style features a hand-embroidered recreation of our Christmas 1994 cover.Cotton/wool with stainless steel hardware and silk thread.Imported.Online only.Item CF368.",Cotton/wool with stainless steel hardware and silk thread. Imported. Online only. Item CF368.,"7.9""H x 5.5""W x 1.2""D.","https://www.jcrew.com/s7-img-facade/CF368_EE5619?hei=1950&crop=0,0,1560,0",1,2026-02-23T13:30:00Z,https://www.jcrew.com/p/womens/categories/accessories/bags/clutches-and-pouches/CF368?display=all&fit=Classic&colorProductCode=CF368&colorCode=EE5619
N4305,jcrew,J.Crew,Ame & Lulu women's pickleball tote bag,bags,166.36,108,,True,,,"Established in 2003 in Brookline, Massachusetts, Ame & Lulu designs and manufactures stylish-yet-functional accessories for tennis, golf and everyday life. Store all of your pickleball gear in our newest Pickleball Tote Bag. This bag is built for function and fashion with the paddle-shaped pocket and extra interior pockets.Nylon.Spot clean.Imported.Online only.Item N4305.",Nylon. Spot clean. Imported. Online only. Item N4305.,"One size. 17 1/2""L x 5""W x 12 1/2""H.","https://www.jcrew.com/s7-img-facade/N4305_EC4109?hei=1950&crop=0,0,1560,0",,2026-02-23T13:30:13Z,https://www.jcrew.com/p/womens/categories/accessories/bags/totes/N4305?display=all&fit=Classic&colorProductCode=N4305&colorCode=EC4109
M1761,jcrew,J.Crew,KAYU® St. Tropez tote,bags,254.16,165,,True,3.25,4,"female-run company that partners with women artisans in Southeast Asia to handmake their products using natural, sustainable materials and indigenous techniques passed down through generations.Woven seagrass straw.Yarn-wrapped handles.Coordinating pom-poms.Import.Online only.Item M1761.",Woven seagrass straw. Yarn-wrapped handles. Coordinating pom-poms. Import. Online only. Item M1761.,"9 1/2""H x 17 1/2""W x 5 1/2""D; 4 1/2"" handle drop.","https://www.jcrew.com/s7-img-facade/M1761_BR0968?hei=1950&crop=0,0,1560,0",3,2026-02-23T13:30:34Z,https://www.jcrew.com/p/womens/categories/accessories/bags/shoulder-bags/M1761?display=all&fit=Classic&colorProductCode=M1761&colorCode=BR0968
CF386,jcrew,J.Crew,Girls' rosette satin purse,girls,76.25,49,,True,4.5,14,"Meet the bag she'll want to take everywhere this season, thanks to a pretty rosette embellishment and sleek satin fabric.Polyester.Lined.Spot clean.Imported.Item CF386.",Polyester. Lined. Spot clean. Imported. Item CF386.,"5 1/4""H x 6 1/2""W; 16"" handle drop.","https://www.jcrew.com/s7-img-facade/CF386_PK5396_m?hei=1950&crop=0,0,1560,0",2,2026-02-23T13:31:09Z,https://www.jcrew.com/p/girls/categories/accessories/bags/CF386?display=all&fit=Classic&colorProductCode=CF386&colorCode=PK5396
P3158,jcrew,J.Crew,KAYU® Sisal clutch,bags,485.21,315,,True,,,"female-run company that partners with women artisans in Southeast Asia to handmake their products using natural, sustainable materials and indigenous techniques passed down through generations. Woven wicker clutch with hidden magnetic closure and optional drop-in chain strap.Straw.Imported.Online only.Item P3158.",Straw. Imported. Online only. Item P3158.,,"https://www.jcrew.com/s7-img-facade/P3158_BR0968?hei=1950&crop=0,0,1560,0",3,2026-02-23T13:31:41Z,https://www.jcrew.com/p/womens/categories/accessories/bags/clutches-and-pouches/P3158?display=all&fit=Classic&colorProductCode=P3158&colorCode=BR0968
P3156,jcrew,J.Crew,KAYU® Uxmal clutch,bags,531.41,345,,True,,,"female-run company that partners with women artisans in Southeast Asia to handmake their products using natural, sustainable materials and indigenous techniques passed down through generations. Woven straw clutch with natural stone clasp and optional drop-in chain strap.Straw.Imported.Online only.Item P3156.",Straw. Imported. Online only. Item P3156.,,"https://www.jcrew.com/s7-img-facade/P3156_EC5461?hei=1950&crop=0,0,1560,0",,2026-02-23T13:32:14Z,https://www.jcrew.com/p/womens/categories/accessories/bags/clutches-and-pouches/P3156?display=all&fit=Classic&colorProductCode=P3156&colorCode=EC5461
P2945,jcrew,J.Crew,KAYU® Carmen clutch,bags,531.41,345,,True,,,"female-run company that partners with women artisans in Southeast Asia to handmake their products using natural, sustainable materials and indigenous techniques passed down through generations. Woven straw clutch with gold-tone clasp and optional drop-in chain strap.Straw.Optional drop-in chain strap.Imported.Online only.Item P2945.",Straw. Optional drop-in chain strap. Imported. Online only. Item P2945.,,"https://www.jcrew.com/s7-img-facade/P2945_BR0968?hei=1950&crop=0,0,1560,0",2,2026-02-23T13:32:47Z,https://www.jcrew.com/p/womens/categories/accessories/bags/clutches-and-pouches/P2945?display=all&fit=Classic&colorProductCode=P2945&colorCode=BR0968
CL319,jcrew,J.Crew,1989 striped tote,bags,137.87,,,False,5.0,13,"This cotton canvas tote combines bold vertical stripes and a structured silhouette, making it perfect for beach days, travel days or just every day.Cotton.Imported.Online only.Item CL319.",Cotton. Imported. Online only. Item CL319.,"15""H x 12""W x 7""D; 8 1/2"" handle drop.","https://www.jcrew.com/s7-img-facade/CL319_EE7761?hei=1950&crop=0,0,1560,0",2,2026-02-23T13:33:20Z,https://www.jcrew.com/p/womens/categories/accessories/bags/totes/CL319?display=all&fit=Classic&colorProductCode=CL319&colorCode=EE7761
CO572,jcrew,J.Crew,Leather double-sided cardholder,Bags & Wallets,75,,,False,5.0,3,"smooth leather, this classic cardholder wallet with a debossed J.Crew logo makes the perfect gift (for yourself, included).100% leather.Spot clean.Imported.Select stores.Item CO572.",100% leather. Spot clean. Imported. Select stores. Item CO572.,One size.,"https://www.jcrew.com/s7-img-facade/CO572_BK0001?hei=1950&crop=0,0,1560,0",2,2026-02-23T13:33:53Z,https://www.jcrew.com/m/mens/categories/accessories/bags/wallets/ME808?display=all&fit=Classic&colorProductCode=CO572&colorCode=BK0001
CP612,jcrew,J.Crew,Leather passport holder,Bags & Wallets,110,,,False,,,crafted in textured leather with a debossed J.Crew logo to keep your passport handy.100% leather.Spot clean.Imported.Select stores.Item CP612.,100% leather. Spot clean. Imported. Select stores. Item CP612.,One size.,"https://www.jcrew.com/s7-img-facade/CP612_BK0001?hei=1950&crop=0,0,1560,0",2,2026-02-23T13:34:26Z,https://www.jcrew.com/m/mens/categories/accessories/bags/wallets/ME810?display=all&fit=Classic&colorProductCode=CP612&colorCode=BK0001
P3154,jcrew,J.Crew,KAYU® Mani clutch,bags,531.41,345,,True,,,"female-run company that partners with women artisans in Southeast Asia to handmake their products using natural, sustainable materials and indigenous techniques passed down through generations. Woven straw clutch with shell clasp and optional drop-in chain strap.Straw.Imported.Online only.Item P3154.",Straw. Imported. Online only. Item P3154.,,"https://www.jcrew.com/s7-img-facade/P3154_BR0984?hei=1950&crop=0,0,1560,0",,2026-02-23T13:34:59Z,https://www.jcrew.com/p/womens/categories/accessories/bags/clutches-and-pouches/P3154?display=all&fit=Classic&colorProductCode=P3154&colorCode=BR0984
CF256,jcrew,J.Crew,Olympia Le-Tan&reg; X J.Crew 1989 catalog clutch,women,2100,,,False,4.568627450980392,51,,,,,,2026-02-23T13:35:50Z,https://www.jcrew.com/m/womens/categories/accessories/bags/clutches-and-pouches/ME101?display=all&fit=Classic&colorProductCode=CF256&colorCode=EE5619
CR540,jcrew,J.Crew,Girls' paper-bag short in chino,Bottoms,,59,,False,5.0,2,"This pull-on style features a ruffle paper-bag waist that's super-easy, crafted from our famously soft and colorful chino.100% cotton.Elastic waistband.Machine wash.Imported.Select stores.Item CR540.",100% cotton. Elastic waistband. Machine wash. Imported. Select stores. Item CR540.,Hits above knee.,"https://www.jcrew.com/s7-img-facade/CR540_GR0280?hei=1950&crop=0,0,1560,0",2,2026-02-23T13:36:23Z,https://www.jcrew.com/m/girls/categories/clothing/bottoms/shorts/ME871?display=all&fit=Classic&colorProductCode=CR540&colorCode=GR0280
CH065,jcrew,J.Crew,Girls' paper-bag short in chambray,Bottoms,,59,,False,5.0,2,"This pull-on style features a ruffle paper-bag waist that's super-easy, crafted from our lightweight chambray for a drapey finish.100% cotton.Elastic waistband.Machine wash.Imported.Select stores.Item CH065.",100% cotton. Elastic waistband. Machine wash. Imported. Select stores. Item CH065.,Hits above knee.,"https://www.jcrew.com/s7-img-facade/CH065_DM9499?hei=1950&crop=0,0,1560,0",2,2026-02-23T13:36:57Z,https://www.jcrew.com/m/girls/categories/clothing/bottoms/denim/ME871?display=all&fit=Classic&colorProductCode=CH065&colorCode=DM9499
CR644,jcrew,J.Crew,Girls' butterfly handbeaded crossbody pouch,girls,91.65,,,False,,,"Nothing says spring like this one of a kind purse in the shape of a butterfly. Detail we love: the beaded crossbody strap.Polyester, acrylic.This item has small parts and is not intended for use by children under three years of age.Spot clean.Imported.Item CR644.","Polyester, acrylic. This item has small parts and is not intended for use by children under three years of age. Spot clean. Imported. Item CR644.",,"https://www.jcrew.com/s7-img-facade/CR644_EE9620?hei=1950&crop=0,0,1560,0",1,2026-02-23T13:37:30Z,https://www.jcrew.com/p/girls/categories/accessories/bags/CR644?display=all&fit=Classic&colorProductCode=CR644&colorCode=EE9620
CO067,jcrew,J.Crew,State™ kids' Kane backpack in stripe,boys,98,,,False,,,"This design is made by Brooklyn-based STATE bags, the brand that's synonymous with style, quality and giving back. (For every bag they sell, they donate another to a local child in need.) The best part: You'll love the premium materials, organizational pockets and pouches just as much as they'll love that colorful stripe finish. Note: This style is recommended for kids aged kindergarten through third grade.Polyester.Imported.Online only.Item CO067.",Polyester. Imported. Online only. Item CO067.,"15.1"" H x 11.6""W x 5.1""D.","https://www.jcrew.com/s7-img-facade/CO067_EF0110?hei=1950&crop=0,0,1560,0",2,2026-02-23T13:38:02Z,https://www.jcrew.com/m/boys/categories/accessories/back-to-school-gear/ME580?display=all&fit=Classic&colorProductCode=CO067&colorCode=EF0110
N5362,jcrew,J.Crew,Ame & Lulu girls' jr. love tennis backpack,girls,150.96,98,,True,,,"Established in 2003 in Brookline, Massachusetts, Ame & Lulu designs and manufactures stylish-yet-functional accessories for tennis, golf and everyday life. For the tennis stars ages 8-12, the Jr. Love Tennis Backpack is a must-have. With multiple interior pockets and an exterior racquet-shaped pocket, it is easy to stay organized and stylish on the court.Nylon.Spot clean.Imported.Online only.Item N5362.",Nylon. Spot clean. Imported. Online only. Item N5362.,"8-12 years old. 6""H x 12 1/2""W x 4""D.","https://www.jcrew.com/s7-img-facade/N5362_GR1132?hei=1950&crop=0,0,1560,0",,2026-02-23T13:38:35Z,https://www.jcrew.com/p/girls/categories/accessories/bags/N5362?display=all&fit=Classic&colorProductCode=N5362&colorCode=GR1132
CO066,jcrew,J.Crew,State™ kids' Kane backpack in soccer print,boys,125,98,,False,,,"This design is made by Brooklyn-based STATE bags, the brand that's synonymous with style, quality and giving back. (For every bag they sell, they donate another to a local child in need.) The best part: You'll love the premium materials, organizational pockets and pouches just as much as they'll love that sporty finish. Note: This style is recommended for kids aged kindergarten through third grade.Polyester.Imported.Select stores.Item CO066.",Polyester. Imported. Select stores. Item CO066.,"15.1""H x 11.6""W x 5.1""D.","https://www.jcrew.com/s7-img-facade/CO066_EE9140?hei=1950&crop=0,0,1560,0",2,2026-02-23T13:39:08Z,https://www.jcrew.com/m/boys/categories/accessories/back-to-school-gear/ME580?display=all&fit=Classic&colorProductCode=CO066&colorCode=EE9140
M3872,jcrew,J.Crew,KAYU® Rosie tote,bags,269.56,175,,True,1.0,1,"female-run company that partners with women artisans in Southeast Asia to handmake their products using natural, sustainable materials and indigenous techniques passed down through generations. Woven seagrass tote with ribbon-wrapped handles and gold charm.Straw.Ribbon-wrapped handles.Gold charm.Imported.Online only.Item M3872.",Straw. Ribbon-wrapped handles. Gold charm. Imported. Online only. Item M3872.,,"https://www.jcrew.com/s7-img-facade/M3872_BK0001?hei=1950&crop=0,0,1560,0",2,2026-02-23T13:39:41Z,https://www.jcrew.com/p/womens/categories/accessories/bags/straw/M3872?display=all&fit=Classic&colorProductCode=M3872&colorCode=BK0001
CI646,jcrew,J.Crew,Layered tie-waist midi skirt in stripe,,168,,,False,,,,,,,,2026-02-23T13:40:23Z,https://www.jcrew.com/p/womens/categories/clothing/shorts-and-skirts/midi-skirts/CI646?display=all&fit=Classic&colorProductCode=CI646&colorCode=YD7565
CR532,jcrew,J.Crew,Girls' piqu&eacute; pleated skirt,,,,,False,,,,,,,2,2026-02-23T13:40:52Z,https://www.jcrew.com/p/girls/categories/clothing/bottoms/active/CR532?display=all&fit=Classic&colorProductCode=CR532&colorCode=GR6923
CN808,jcrew,J.Crew,Boxer short in distressed faux leather,,178,,,False,5.0,6,,,,,2,2026-02-23T13:41:20Z,https://www.jcrew.com/p/womens/categories/clothing/shorts/3-inch-inseam/CN808?display=all&fit=Classic&colorProductCode=CN808&colorCode=BR8756
CR534,jcrew,J.Crew,Girls' pull-on embroidered short,Bottoms,,69,,False,,,This fresh pair comes with an elastic waistband and floral embroidery that matches back to Mom. Style tip: Pair it with a coordinating top for the prettiest—and easiest—spring outfit ever.100% cotton.Elastic waistband.Unlined.Machine wash.Imported.Item CR534.,100% cotton. Elastic waistband. Unlined. Machine wash. Imported. Item CR534.,Falls above knee.,"https://www.jcrew.com/s7-img-facade/CR534_BL0495?hei=1950&crop=0,0,1560,0",2,2026-02-23T13:41:54Z,https://www.jcrew.com/m/girls/categories/clothing/bottoms/shorts/ME964?display=all&fit=Classic&colorProductCode=CR534&colorCode=BL0495
CR548,jcrew,J.Crew,Girls' smocked short in towel terry,,,,,False,,,,,,,2,2026-02-23T13:42:22Z,https://www.jcrew.com/p/girls/categories/clothing/bottoms/knit/CR548?display=all&fit=Classic&colorProductCode=CR548&colorCode=WT0002
CR536,jcrew,J.Crew,Girls' pull-on eyelet short,Bottoms,,69,,False,,,This dressy-ish style comes with an elastic waistband and a breezy eyelet pattern that matches back to Mom. Style tip: Pair it with a coordinating top for the prettiest—and easiest—spring outfit ever.100% cotton.Elastic waistband.Lined.Machine wash.Imported.Select stores.Item CR536.,100% cotton. Elastic waistband. Lined. Machine wash. Imported. Select stores. Item CR536.,Hits above knee.,"https://www.jcrew.com/s7-img-facade/CR536_WZ7591?hei=1950&crop=0,0,1560,0",2,2026-02-23T13:42:56Z,https://www.jcrew.com/m/girls/categories/clothing/bottoms/shorts/ME964?display=all&fit=Classic&colorProductCode=CR536&colorCode=WZ7591
